{"ShopID":"4a269932-183e-362d-aacc-188e7debbea9,4eb9dede-cb23-ed28-c8cf-74bf1bf15386,414e9a37-45c4-c0ec-b581-c2ecc61cc7a4,471b8920-c563-cafa-d814-eaa958b7b980","Collection":{"Inventory":[{"ID":{"ID":["6d14787a-8e7d-4595-b80c-ae6f85450b79"]},"BuyPrice":0.012000,"SellPrice":0.000000,"CurrentInventory":62639.134044,"MaxInventory":600000.000000,"RentalOfferings":[]},{"ID":{"ID":["e39c7a65-a67e-4086-a71c-7635bdff7759"]},"BuyPrice":0.060000,"SellPrice":0.000000,"CurrentInventory":40682.971895,"MaxInventory":300000.000000,"RentalOfferings":[]},{"ID":{"ID":["d86099d1-e57e-4e73-b966-534c9410f04e"]},"BuyPrice":0.169294,"SellPrice":0.000000,"CurrentInventory":29600.338522,"MaxInventory":80000.000000,"RentalOfferings":[]}]}}