{"ShopID":"4a269932-183e-362d-aacc-188e7debbea9,48ab315a-f4f6-8979-4aaa-93bd1db7c1ac,4d75dd62-383e-03f9-a8aa-20650ff949bf,48a3d4e0-5373-a5ea-6b7a-7e73c47c12be","Collection":{"Inventory":[{"ID":{"ID":["e39c7a65-a67e-4086-a71c-7635bdff7759"]},"BuyPrice":0.060000,"SellPrice":0.000000,"CurrentInventory":40767.962120,"MaxInventory":300000.000000,"RentalOfferings":[]},{"ID":{"ID":["6d14787a-8e7d-4595-b80c-ae6f85450b79"]},"BuyPrice":0.012000,"SellPrice":0.000000,"CurrentInventory":62843.110592,"MaxInventory":600000.000000,"RentalOfferings":[]},{"ID":{"ID":["d86099d1-e57e-4e73-b966-534c9410f04e"]},"BuyPrice":0.169290,"SellPrice":0.000000,"CurrentInventory":29625.268989,"MaxInventory":80000.000000,"RentalOfferings":[]}]}}