{"ShopID":"4a269932-183e-362d-aacc-188e7debbea9,4161896d-a7ef-80c4-3074-49a8f07a7480,4cccfc8b-e4a3-1c5b-a56a-79f2865e8195,483abfa6-e29c-db4b-8477-342ae2114b83,430042af-c12d-4f1d-6b3a-0a297649d284","Collection":{"Inventory":[{"ID":{"ID":["e39c7a65-a67e-4086-a71c-7635bdff7759"]},"BuyPrice":0.040714,"SellPrice":0.000000,"CurrentInventory":37443.763895,"MaxInventory":300000.000000,"RentalOfferings":[]},{"ID":{"ID":["6d14787a-8e7d-4595-b80c-ae6f85450b79"]},"BuyPrice":0.009201,"SellPrice":0.000000,"CurrentInventory":54865.034535,"MaxInventory":600000.000000,"RentalOfferings":[]},{"ID":{"ID":["d86099d1-e57e-4e73-b966-534c9410f04e"]},"BuyPrice":0.099695,"SellPrice":0.000000,"CurrentInventory":28650.170822,"MaxInventory":80000.000000,"RentalOfferings":[]}]}}