{"ShopID":"4a269932-183e-362d-aacc-188e7debbea9,42430290-4096-a415-fd3f-c9f470d27c91,4268e774-723e-80dd-3201-53ad75395b96,415810df-23c3-54cf-1195-c63590aae3ab","Collection":{"Inventory":[{"ID":{"ID":["e39c7a65-a67e-4086-a71c-7635bdff7759"]},"BuyPrice":0.060000,"SellPrice":0.000000,"CurrentInventory":37528.935395,"MaxInventory":300000.000000,"RentalOfferings":[]},{"ID":{"ID":["6d14787a-8e7d-4595-b80c-ae6f85450b79"]},"BuyPrice":0.012000,"SellPrice":0.000000,"CurrentInventory":55069.446143,"MaxInventory":600000.000000,"RentalOfferings":[]},{"ID":{"ID":["d86099d1-e57e-4e73-b966-534c9410f04e"]},"BuyPrice":0.169456,"SellPrice":0.000000,"CurrentInventory":28675.154462,"MaxInventory":80000.000000,"RentalOfferings":[]}]}}