{"ShopID":"4a269932-183e-362d-aacc-188e7debbea9,4161896d-a7ef-80c4-3074-49a8f07a7480,4964323a-83b7-5a53-ab6b-af21a1d230ab,442a47ab-65f1-bc94-a07c-e18598981598","Collection":{"Inventory":[{"ID":{"ID":["e39c7a65-a67e-4086-a71c-7635bdff7759"]},"BuyPrice":0.053202,"SellPrice":0.000000,"CurrentInventory":40621.046685,"MaxInventory":300000.000000,"RentalOfferings":[]},{"ID":{"ID":["6d14787a-8e7d-4595-b80c-ae6f85450b79"]},"BuyPrice":0.010619,"SellPrice":0.000000,"CurrentInventory":62490.513534,"MaxInventory":600000.000000,"RentalOfferings":[]},{"ID":{"ID":["d86099d1-e57e-4e73-b966-534c9410f04e"]},"BuyPrice":0.146724,"SellPrice":0.000000,"CurrentInventory":29582.173794,"MaxInventory":80000.000000,"RentalOfferings":[]}]}}