{"ShopID":"4a269932-183e-362d-aacc-188e7debbea9,45e19546-c411-8f0c-272a-ed7ae34242b1,472359fe-1867-4d24-f216-3f1d6abf1c8e,419471f9-e8ca-15d5-8b77-acc2a9743e93","Collection":{"Inventory":[{"ID":{"ID":["e39c7a65-a67e-4086-a71c-7635bdff7759"]},"BuyPrice":0.047252,"SellPrice":0.000000,"CurrentInventory":34297.905115,"MaxInventory":300000.000000,"RentalOfferings":[]},{"ID":{"ID":["6d14787a-8e7d-4595-b80c-ae6f85450b79"]},"BuyPrice":0.010244,"SellPrice":0.000000,"CurrentInventory":47314.973163,"MaxInventory":600000.000000,"RentalOfferings":[]},{"ID":{"ID":["d86099d1-e57e-4e73-b966-534c9410f04e"]},"BuyPrice":0.124414,"SellPrice":0.000000,"CurrentInventory":27727.385560,"MaxInventory":80000.000000,"RentalOfferings":[]}]}}