{"ShopID":"4a269932-183e-362d-aacc-188e7debbea9,41c55990-c2fb-d444-22da-a1e6e8300bac,4fc579e7-6e17-d887-12e4-cdf2a981fd83,4fdc416f-9e22-85da-3067-bbec153fb196","Collection":{"Inventory":[{"ID":{"ID":["e39c7a65-a67e-4086-a71c-7635bdff7759"]},"BuyPrice":0.060000,"SellPrice":0.000000,"CurrentInventory":40767.962120,"MaxInventory":300000.000000,"RentalOfferings":[]},{"ID":{"ID":["6d14787a-8e7d-4595-b80c-ae6f85450b79"]},"BuyPrice":0.012000,"SellPrice":0.000000,"CurrentInventory":62843.110592,"MaxInventory":600000.000000,"RentalOfferings":[]},{"ID":{"ID":["d86099d1-e57e-4e73-b966-534c9410f04e"]},"BuyPrice":0.169290,"SellPrice":0.000000,"CurrentInventory":29625.268989,"MaxInventory":80000.000000,"RentalOfferings":[]}]}}