{"Inventory":[{"ID":{"ID":["76dc1111-2be1-4f01-87f9-6fcc51c1ba9a"]},"BuyPrice":0.060000,"SellPrice":0.000000,"CurrentInventory":40049.517845,"MaxInventory":300000.000000,"RentalOfferings":[]},{"ID":{"ID":["5499aab0-2bdf-452c-a5c6-c8b7ff9d2ce9"]},"BuyPrice":0.012000,"SellPrice":0.000000,"CurrentInventory":61118.844263,"MaxInventory":600000.000000,"RentalOfferings":[]},{"ID":{"ID":["b3d42448-7396-4a69-aaaa-68c7e4bdb1b5"]},"BuyPrice":0.169324,"SellPrice":0.000000,"CurrentInventory":29414.525330,"MaxInventory":80000.000000,"RentalOfferings":[]}]}