{"ShopID":"4a269932-183e-362d-aacc-188e7debbea9,4959730e-e31e-7bab-a9e2-f11ff18fd4af,465b2743-3d01-5d17-570e-ddaa5302d98b,46855637-4014-b34c-2a42-516eed17ad97","Collection":{"Inventory":[{"ID":{"ID":["e39c7a65-a67e-4086-a71c-7635bdff7759"]},"BuyPrice":0.060000,"SellPrice":0.000000,"CurrentInventory":40767.962120,"MaxInventory":300000.000000,"RentalOfferings":[]},{"ID":{"ID":["6d14787a-8e7d-4595-b80c-ae6f85450b79"]},"BuyPrice":0.012000,"SellPrice":0.000000,"CurrentInventory":62843.110592,"MaxInventory":600000.000000,"RentalOfferings":[]},{"ID":{"ID":["d86099d1-e57e-4e73-b966-534c9410f04e"]},"BuyPrice":0.169290,"SellPrice":0.000000,"CurrentInventory":29625.268989,"MaxInventory":80000.000000,"RentalOfferings":[]}]}}