{"ShopID":"4a269932-183e-362d-aacc-188e7debbea9,4cccecbb-9ecd-4b4b-915a-7c58ae41b6b0,4df7f5b3-250d-e2cb-6b32-810c1b26cd88,40b2d739-3024-7d41-56f7-905c460d2c9c","Collection":{"Inventory":[{"ID":{"ID":["e39c7a65-a67e-4086-a71c-7635bdff7759"]},"BuyPrice":0.044689,"SellPrice":0.000000,"CurrentInventory":40621.046685,"MaxInventory":300000.000000,"RentalOfferings":[]},{"ID":{"ID":["6d14787a-8e7d-4595-b80c-ae6f85450b79"]},"BuyPrice":0.009511,"SellPrice":0.000000,"CurrentInventory":62490.513534,"MaxInventory":600000.000000,"RentalOfferings":[]},{"ID":{"ID":["d86099d1-e57e-4e73-b966-534c9410f04e"]},"BuyPrice":0.119636,"SellPrice":0.000000,"CurrentInventory":29582.173794,"MaxInventory":80000.000000,"RentalOfferings":[]}]}}